kode_prov,kode_bps,nama_bps,nama_dagri,kode_dagri,latitude,longitude
11,1101,SIMEULUE,KAB. SIMEULUE,11.09,2.4517114,96.3774566
11,1102,ACEH SINGKIL,KAB. ACEH SINGKIL,11.1,2.2732113,97.813226
11,1103,ACEH SELATAN,KAB. ACEH SELATAN,11.01,3.260106,97.189643
11,1104,ACEH TENGGARA,KAB. ACEH TENGGARA,11.02,3.4732392,97.8151078
11,1105,ACEH TIMUR,KAB. ACEH TIMUR,11.03,4.9114668,97.8056172
11,1106,ACEH TENGAH,KAB. ACEH TENGAH,11.04,4.6215483,96.8478454
11,1107,ACEH BARAT,KAB. ACEH BARAT,11.05,4.1570096,96.129388
11,1108,ACEH BESAR,KAB. ACEH BESAR,11.06,5.3028584,95.5966816
11,1109,PIDIE,KAB. PIDIE,11.07,5.3667166,95.9578075
11,1110,BIREUEN,KAB. BIREUEN,11.11,5.2032789,96.6861017
11,1111,ACEH UTARA,KAB. ACEH UTARA,11.08,5.0746364,97.3056703
11,1112,ACEH BARAT DAYA,KAB. ACEH BARAT DAYA,11.12,3.7431189,96.847118
11,1113,GAYO LUES,KAB. GAYO LUES,11.13,4.0017634,97.3306546
11,1114,ACEH TAMIANG,KAB. ACEH TAMIANG,11.16,4.3116096,98.0543253
11,1115,NAGAN RAYA,KAB. NAGAN RAYA,11.15,4.1332039,96.3224182
11,1116,ACEH JAYA,KAB. ACEH JAYA,11.14,4.6176235,95.6154912
11,1117,BENER MERIAH,KAB. BENER MERIAH,11.17,4.7251967,96.822546
11,1118,PIDIE JAYA,KAB. PIDIE JAYA,11.18,5.2262521,96.2443388
11,1171,BANDA ACEH,KOTA BANDA ACEH,11.71,5.5738961,95.3456937
11,1172,SABANG,KOTA SABANG,11.72,5.895631,95.316468
11,1173,LANGSA,KOTA LANGSA,11.74,4.4748619,97.9563662
11,1174,LHOKSEUMAWE,KOTA LHOKSEUMAWE,11.73,5.1804281,97.1467996
11,1175,SUBULUSSALAM,KOTA SUBULUSSALAM,11.75,2.6703289,97.9913967
12,1201,NIAS,KAB. NIAS,12.04,0.925046,97.7076171
12,1202,MANDAILING NATAL,KAB. MANDAILING NATAL,12.13,0.798993,99.5796508
12,1203,TAPANULI SELATAN,KAB. TAPANULI SELATAN,12.03,1.4164286,99.2868907
12,1204,TAPANULI TENGAH,KAB. TAPANULI TENGAH,12.01,1.6875564,98.8285708
12,1205,TAPANULI UTARA,KAB. TAPANULI UTARA,12.02,2.011716,98.9798453
12,1206,TOBA SAMOSIR,KAB. TOBA SAMOSIR,12.12,2.5046828,98.8863591
12,1207,LABUHAN BATU,KAB. LABUHANBATU,12.1,2.2129977,99.8446794
12,1208,ASAHAN,KAB. ASAHAN,12.09,2.9892966,99.622964
12,1209,SIMALUNGUN,KAB. SIMALUNGUN,12.08,2.9662,99.1076189
12,1210,DAIRI,KAB. DAIRI,12.11,2.7409366,98.3197137
12,1211,KARO,KAB. KARO,12.06,3.1630236,98.509411
12,1212,DELI SERDANG,KAB. DELI SERDANG,12.07,3.54771,98.8681979
12,1213,LANGKAT,KAB. LANGKAT,12.05,3.7412598,98.4500948
12,1214,NIAS SELATAN,KAB. NIAS SELATAN,12.14,0.5669721,97.8079561
12,1215,HUMBANG HASUNDUTAN,KAB. HUMBANG HASUNDUTAN,12.16,2.2420594,98.7379725
12,1216,PAKPAK BHARAT,KAB. PAKPAK BHARAT,12.15,2.543441,98.325923
12,1217,SAMOSIR,KAB. SAMOSIR,12.17,2.6866405,98.7055323
12,1218,SERDANG BEDAGAI,KAB. SERDANG BEDAGAI,12.18,3.5084114,99.1067001
12,1219,BATU BARA,KAB. BATU BARA,12.19,3.1724198,99.4167792
12,1220,PADANG LAWAS UTARA,KAB. PADANG LAWAS UTARA,12.2,1.4820364,99.6045214
12,1221,PADANG LAWAS,KAB. PADANG LAWAS,12.21,1.2614161,99.6743642
12,1222,LABUHAN BATU SELATAN,KAB. LABUHANBATU SELATAN,12.22,1.8590096,100.040112
12,1223,LABUHAN BATU UTARA,KAB. LABUHANBATU UTARA,12.23,2.5669858,99.6492469
12,1224,NIAS UTARA,KAB. NIAS UTARA,12.24,1.0542711,97.432759
12,1225,NIAS BARAT,KAB. NIAS BARAT,12.25,1.0468495,97.457437
12,1271,SIBOLGA,KOTA SIBOLGA,12.73,1.7452726,98.7791199
12,1272,TANJUNG BALAI,KOTA TANJUNG BALAI,12.74,2.9494781,99.7784805
12,1273,PEMATANG SIANTAR,KOTA PEMATANGSIANTAR,12.72,2.9515437,99.0635028
12,1274,TEBING TINGGI,KOTA TEBING TINGGI,12.76,3.3530658,99.1637434
12,1275,MEDAN,KOTA MEDAN,12.71,3.6020207,98.6286697
12,1276,BINJAI,KOTA BINJAI,12.75,3.6008281,98.4791212
12,1277,PADANGSIDIMPUAN,KOTA PADANG SIDEMPUAN,12.77,1.373906,99.2965093
12,1278,GUNUNGSITOLI,KOTA GUNUNGSITOLI,12.78,1.2799296,97.609921
13,1301,KEPULAUAN MENTAWAI,KAB. KEPULAUAN MENTAWAI,13.09,-2.0793512,99.6052824
13,1302,PESISIR SELATAN,KAB. PESISIR SELATAN,13.01,-1.3480407,100.5817836
13,1303,SOLOK,KAB. SOLOK,13.02,-0.8603059,100.632539
13,1304,SIJUNJUNG,KAB. SIJUNJUNG,13.03,-0.6749428,100.9603896
13,1305,TANAH DATAR,KAB. TANAH DATAR,13.04,-0.4629901,100.5832055
13,1306,PADANG PARIAMAN,KAB. PADANG PARIAMAN,13.05,-0.6246648,100.2775282
13,1307,AGAM,KAB. AGAM,13.06,-0.3138181,100.0325914
13,1308,LIMA PULUH KOTA,KAB. LIMA PULUH KOTA,13.07,-0.1621068,100.6604135
13,1309,PASAMAN,KAB. PASAMAN,13.08,0.1377484,100.1670422
13,1310,SOLOK SELATAN,KAB. SOLOK SELATAN,13.11,-1.5558524,101.2467391
13,1311,DHARMASRAYA,KAB. DHARMASRAYA,13.1,-0.9864225,101.5409449
13,1312,PASAMAN BARAT,KAB. PASAMAN BARAT,13.12,0.1236214,99.8554659
13,1371,PADANG,KOTA PADANG,13.71,-0.9146636,100.3883924
13,1372,SOLOK,KOTA SOLOK,13.72,-0.8603059,100.632539
13,1373,SAWAH LUNTO,KOTA SAWAHLUNTO,13.73,-0.6842698,100.7796035
13,1374,PADANG PANJANG,KOTA PADANG PANJANG,13.74,-0.4660222,100.3833234
13,1375,BUKITTINGGI,KOTA BUKITTINGGI,13.75,-0.3152697,100.3696328
13,1376,PAYAKUMBUH,KOTA PAYAKUMBUH,13.76,-0.2430483,100.612629
13,1377,PARIAMAN,KOTA PARIAMAN,13.77,-0.626565,100.2061489
14,1401,KUANTAN SINGINGI,KAB. KUANTAN SINGINGI,14.09,-0.5137768,101.5347366
14,1402,INDRAGIRI HULU,KAB. INDRAGIRI HULU,14.02,-0.3873331,102.4367008
14,1403,INDRAGIRI HILIR,KAB. INDRAGIRI HILIR,14.04,-0.3219294,103.1637672
14,1404,PELALAWAN,KAB.  PELALAWAN,14.05,0.39678,101.8438796
14,1405,S I A K,KAB. SIAK,14.08,0.816145,102.0222786
14,1406,KAMPAR,KAB. KAMPAR,14.01,0.3317594,101.0179239
14,1407,ROKAN HULU,KAB.  ROKAN HULU,14.06,0.8900821,100.3031953
14,1408,BENGKALIS,KAB. BENGKALIS,14.03,1.4741553,102.1236185
14,1409,ROKAN HILIR,KAB.  ROKAN HILIR,14.07,2.1023096,100.8336648
14,1410,KEPULAUAN MERANTI,KAB. KEPULAUAN MERANTI,14.1,1.00275,102.7314987
14,1471,PEKANBARU,KOTA PEKANBARU,14.71,0.4934581,101.4511045
14,1473,D U M A I,KOTA DUMAI,14.72,1.6010737,101.3907239
15,1501,KERINCI,KAB.  KERINCI,15.01,-1.9545123,101.3407671
15,1502,MERANGIN,KAB.  MERANGIN,15.02,-2.0769856,102.2763322
15,1503,SAROLANGUN,KAB. SAROLANGUN,15.03,-2.3093812,102.7489381
15,1504,BATANG HARI,KAB. BATANGHARI,15.04,-1.712742,103.2613082
15,1505,MUARO JAMBI,KAB.  MUARO JAMBI,15.05,-1.4641652,103.5107826
15,1506,TANJUNG JABUNG TIMUR,KAB. TANJUNG JABUNG TIMUR,15.07,-1.2120428,103.7940645
15,1507,TANJUNG JABUNG BARAT,KAB. TANJUNG JABUNG BARAT,15.06,-0.8424089,103.4380653
15,1508,TEBO,KAB. TEBO,15.09,-1.4684193,102.3557128
15,1509,BUNGO,KAB. BUNGO,15.08,-1.5156204,102.1234035
15,1571,JAMBI,KOTA JAMBI,15.71,-1.6182514,103.5959987
15,1572,SUNGAI PENUH,KOTA SUNGAI PENUH,15.72,-2.0578286,101.3878467
16,1601,OGAN KOMERING ULU,KAB. OGAN KOMERING ULU,16.01,-4.3420326,104.1962384
16,1602,OGAN KOMERING ILIR,KAB. OGAN KOMERING ILIR,16.02,-3.4088307,104.8236142
16,1603,MUARA ENIM,KAB. MUARA ENIM,16.03,-3.6610532,103.7699873
16,1604,LAHAT,KAB. LAHAT,16.04,-3.780424,103.551108
16,1605,MUSI RAWAS,KAB. MUSI RAWAS,16.05,-3.2348302,103.0115801
16,1606,MUSI BANYUASIN,KAB. MUSI BANYUASIN,16.06,-2.8959208,103.8540152
16,1607,BANYU ASIN,KAB. BANYUASIN,16.07,-2.9127562,104.4043039
16,1608,OGAN KOMERING ULU SELATAN,KAB. OGAN KOMERING ULU,16.09,-4.3420326,104.1962384
16,1609,OGAN KOMERING ULU TIMUR,KAB. OGAN KOMERING ULU,16.08,-4.3401174,104.3455194
16,1610,OGAN ILIR,KAB. OGAN ILIR,16.1,-3.306715,104.738345
16,1611,EMPAT LAWANG,KAB. EMPAT LAWANG,16.11,-3.608675,103.1090733
16,1612,PENUKAL ABAB LEMATANG ILIR,KAB. PENUKAL ABAB LEMATANG,16.12,-3.7207222,103.660573
16,1613,MUSI RAWAS UTARA,KAB. MUSI RAWAS UTARA,16.13,-3.2348302,103.0115801
16,1671,PALEMBANG,KOTA PALEMBANG,16.71,-2.983146,104.7518908
16,1672,PRABUMULIH,KOTA PRABUMULIH,16.74,-3.368032,104.3067762
16,1673,PAGAR ALAM,KOTA PAGAR ALAM,16.72,-4.0440109,103.1985623
16,1674,LUBUKLINGGAU,KOTA LUBUK LINGGAU,16.73,-3.3128356,102.8391857
17,1701,BENGKULU SELATAN,KAB. BENGKULU SELATAN,17.01,-4.4543354,102.9077017
17,1702,REJANG LEBONG,KAB. REJANG LEBONG,17.02,-3.4780868,102.5291964
17,1703,BENGKULU UTARA,KAB. BENGKULU UTARA,17.03,-3.4384775,102.1955005
17,1704,KAUR,KAB. KAUR,17.04,-4.7639945,103.351563
17,1705,SELUMA,KAB. SELUMA,17.05,-4.0885072,102.5567377
17,1706,MUKOMUKO,KAB. MUKO MUKO,17.06,-2.54874,101.1070272
17,1707,LEBONG,KAB. LEBONG,17.07,-3.1567575,102.1650906
17,1708,KEPAHIANG,KAB. KEPAHIANG,17.08,-3.6249962,102.5525249
17,1709,BENGKULU TENGAH,KAB. BENGKULU TENGAH,17.09,-3.726578,102.4588088
17,1771,BENGKULU,KOTA BENGKULU,17.71,-3.8029982,102.3112476
18,1801,LAMPUNG BARAT,KAB. LAMPUNG BARAT,18.04,-5.020078,104.0586745
18,1802,TANGGAMUS,KAB. TANGGAMUS,18.06,-5.5047925,104.6524438
18,1803,LAMPUNG SELATAN,KAB. LAMPUNG SELATAN,18.01,-5.7140712,105.5840538
18,1804,LAMPUNG TIMUR,KAB. LAMPUNG TIMUR,18.07,-5.0481856,105.5278603
18,1805,LAMPUNG TENGAH,KAB. LAMPUNG TENGAH,18.02,-4.9809474,105.2101569
18,1806,LAMPUNG UTARA,KAB. LAMPUNG UTARA,18.03,-4.8373197,104.8949082
18,1807,WAY KANAN,KAB. WAY KANAN,18.08,-4.5150408,104.5100372
18,1808,TULANGBAWANG,KAB. TULANG BAWANG,18.05,-4.492924,105.2364718
18,1809,PESAWARAN,KAB. PESAWARAN,18.09,-5.3757292,105.086679
18,1810,PRINGSEWU,KAB. PRINGSEWU,18.1,-5.3712926,105.0495064
18,1811,MESUJI,KAB. MESUJI,18.11,-4.0104264,105.2041404
18,1812,TULANG BAWANG BARAT,KAB. TULANG BAWANG BARAT,18.12,-4.5544236,105.0985529
18,1813,PESISIR BARAT,KAB. PESISIR BARAT,18.13,-3.5702238,102.5468723
18,1871,BANDAR LAMPUNG,KOTA BANDAR LAMPUNG,18.71,-5.4340061,105.2640841
18,1872,METRO,KOTA METRO,18.72,-5.1279011,105.3074527
19,1901,BANGKA,KAB. BANGKA,19.01,-2.0215814,106.1342511
19,1902,BELITUNG,KAB. BELITUNG,19.02,-2.815297,107.9490814
19,1903,BANGKA BARAT,KAB. BANGKA BARAT,19.05,-2.0546717,105.2043991
19,1904,BANGKA TENGAH,KAB. BANGKA TENGAH,19.04,-2.518743,106.4180374
19,1905,BANGKA SELATAN,KAB. BANGKA SELATAN,19.03,-3.024499,106.5060206
19,1906,BELITUNG TIMUR,KAB. BELITUNG TIMUR,19.06,-2.8852645,108.2412261
19,1971,PANGKALPINANG,KOTA PANGKAL PINANG,19.71,-2.1302225,106.1420164
21,2101,KARIMUN,KAB. KARIMUN,21.02,1.03141,103.3754092
21,2102,BINTAN,KAB. BINTAN,21.01,0.9966499,104.5128781
21,2103,NATUNA,KAB. NATUNA,21.03,3.9334791,108.3635747
21,2104,LINGGA,KAB. LINGGA,21.04,-0.2094936,104.6022262
21,2105,KEPULAUAN ANAMBAS,KAB. KEPULAUAN ANAMBAS,21.05,3.1942996,106.2228598
21,2171,B A T A M,KOTA BATAM,21.71,1.1095164,104.080262
21,2172,TANJUNG PINANG,KOTA TANJUNG PINANG,21.72,-6.2257878,106.8768418
31,3101,KEPULAUAN SERIBU,KAB. ADM. KEP. SERIBU,31.01,-6.1736978,106.869857
31,3171,JAKARTA SELATAN,KOTA ADM. JAKARTA SELATAN,31.74,-6.2727477,106.8253016
31,3172,JAKARTA TIMUR,KOTA ADM. JAKARTA TIMUR,31.75,-6.2089898,106.9152663
31,3173,JAKARTA PUSAT,KOTA ADM. JAKARTA PUSAT,31.71,-6.17923,106.8536042
31,3174,JAKARTA BARAT,KOTA ADM. JAKARTA BARAT,31.73,-6.2171506,106.776983
31,3175,JAKARTA UTARA,KOTA ADM. JAKARTA UTARA,31.72,-6.1238945,106.8946839
32,3201,BOGOR,KAB. BOGOR,32.01,-6.5455856,106.8091655
32,3202,SUKABUMI,KAB. SUKABUMI,32.02,-6.9025172,106.8728653
32,3203,CIANJUR,KAB. CIANJUR,32.03,-6.8488033,107.1325468
32,3204,BANDUNG,KAB. BANDUNG,32.04,-7.0200574,107.5267618
32,3205,GARUT,KAB. GARUT,32.05,-7.2040418,107.8871946
32,3206,TASIKMALAYA,KAB. TASIKMALAYA,32.06,-7.3238435,108.1693512
32,3207,CIAMIS,KAB. CIAMIS,32.07,-7.3287378,108.3677003
32,3208,KUNINGAN,KAB. KUNINGAN,32.08,-6.9701021,108.4946764
32,3209,CIREBON,KAB. CIREBON,32.09,-6.7628582,108.4770775
32,3210,MAJALENGKA,KAB. MAJALENGKA,32.1,-6.8372753,108.2398407
32,3211,SUMEDANG,KAB. SUMEDANG,32.11,-6.8333533,107.9180651
32,3212,INDRAMAYU,KAB. INDRAMAYU,32.12,-6.339988,108.3370016
32,3213,SUBANG,KAB. SUBANG,32.13,-6.5540845,107.7636453
32,3214,PURWAKARTA,KAB. PURWAKARTA,32.14,-6.531412,107.4393197
32,3215,KARAWANG,KAB. KARAWANG,32.15,-6.3025629,107.3010354
32,3216,BEKASI,KAB. BEKASI,32.16,-6.3676718,107.172353
32,3217,BANDUNG BARAT,KAB. BANDUNG BARAT,32.17,-6.8377801,107.4737545
32,3218,PANGANDARAN,KAB. PANGANDARAN,32.18,-7.6787548,108.6386523
32,3271,BOGOR,KOTA BOGOR,32.71,-6.595832,106.797832
32,3272,SUKABUMI,KOTA SUKABUMI,32.72,-6.9101205,106.9359287
32,3273,BANDUNG,KOTA BANDUNG,32.73,-6.9112129,107.6328092
32,3274,CIREBON,KOTA CIREBON,32.74,-6.7524111,108.5092592
32,3275,BEKASI,KOTA BEKASI,32.75,-6.2376051,106.9851596
32,3276,DEPOK,KOTA DEPOK,32.76,-6.4236726,106.827548
32,3277,CIMAHI,KOTA CIMAHI,32.77,-6.8608347,107.5462688
32,3278,TASIKMALAYA,KOTA TASIKMALAYA,32.78,-7.3022858,108.1982386
32,3279,BANJAR,KOTA BANJAR,32.79,-7.3711556,108.5077156
33,3301,CILACAP,KAB. CILACAP,33.01,-7.7221356,109.0178493
33,3302,BANYUMAS,KAB. BANYUMAS,33.02,-7.419025,109.2479303
33,3303,PURBALINGGA,KAB. PURBALINGGA,33.03,-7.3985588,109.374172
33,3304,BANJARNEGARA,KAB. BANJARNEGARA,33.04,-7.3909223,109.6874407
33,3305,KEBUMEN,KAB. KEBUMEN,33.05,-7.6681475,109.6691055
33,3306,PURWOREJO,KAB. PURWOREJO,33.06,-7.7212006,109.9965961
33,3307,WONOSOBO,KAB. WONOSOBO,33.07,-7.365224,109.9183966
33,3308,MAGELANG,KAB. MAGELANG,33.08,-7.543298,110.2153649
33,3309,BOYOLALI,KAB. BOYOLALI,33.09,-7.5383139,110.6249196
33,3310,KLATEN,KAB. KLATEN,33.1,-7.709273,110.5917585
33,3311,SUKOHARJO,KAB. SUKOHARJO,33.11,-7.6469886,110.8333088
33,3312,WONOGIRI,KAB. WONOGIRI,33.12,-7.8176778,110.9241023
33,3313,KARANGANYAR,KAB. KARANGANYAR,33.13,-7.5961116,110.9409412
33,3314,SRAGEN,KAB. SRAGEN,33.14,-7.4190501,111.0169523
33,3315,GROBOGAN,KAB. GROBOGAN,33.15,-7.0796586,110.9167795
33,3316,BLORA,KAB. BLORA,33.16,-6.9689305,111.4249539
33,3317,REMBANG,KAB. REMBANG,33.17,-6.7153865,111.3418921
33,3318,PATI,KAB. PATI,33.18,-6.7640904,111.0114152
33,3319,KUDUS,KAB. KUDUS,33.19,-6.8151137,110.8602305
33,3320,JEPARA,KAB. JEPARA,33.2,-6.6004219,110.6632625
33,3321,DEMAK,KAB. DEMAK,33.21,-6.8894098,110.6307101
33,3322,SEMARANG,KAB. SEMARANG,33.22,-7.129275,110.4099572
33,3323,TEMANGGUNG,KAB. TEMANGGUNG,33.23,-7.3314527,110.2011014
33,3324,KENDAL,KAB. KENDAL,33.24,-6.9207475,110.1803059
33,3325,BATANG,KAB. BATANG,33.25,-6.9252678,109.7266524
33,3326,PEKALONGAN,KAB. PEKALONGAN,33.26,-6.9595584,109.6280594
33,3327,PEMALANG,KAB. PEMALANG,33.27,-6.907836,109.3887028
33,3328,TEGAL,KAB. TEGAL,33.28,-6.9371719,109.1358226
33,3329,BREBES,KAB. BREBES,33.29,-6.8782538,109.0449227
33,3371,MAGELANG,KOTA MAGELANG,33.71,-7.4960833,110.2110289
33,3372,SURAKARTA,KOTA SURAKARTA,33.72,-7.5620554,110.826942
33,3373,SALATIGA,KOTA SALATIGA,33.73,-7.3324867,110.492802
33,3374,SEMARANG,KOTA SEMARANG,33.74,-7.0566076,110.4160407
33,3375,PEKALONGAN,KOTA PEKALONGAN,33.75,-6.8944912,109.6632264
33,3376,TEGAL,KOTA TEGAL,33.76,-6.9371719,109.1358226
34,3401,KULON PROGO,KAB. KULON PROGO,34.01,-7.8602069,110.1764291
34,3402,BANTUL,KAB. BANTUL,34.02,-7.8901132,110.3242041
34,3403,GUNUNGKIDUL,KAB. GUNUNGKIDUL,34.03,-7.9700145,110.610752
34,3404,SLEMAN,KAB. SLEMAN,34.04,-7.714658,110.3407678
34,3471,YOGYAKARTA,KOTA YOGYAKARTA,34.71,-7.8094519,110.369709
35,3501,PACITAN,KAB. PACITAN,35.01,-8.1960814,111.1040443
35,3502,PONOROGO,KAB. PONOROGO,35.02,-7.8642599,111.4932643
35,3503,TRENGGALEK,KAB. TRENGGALEK,35.03,-8.0585302,111.7173107
35,3504,TULUNGAGUNG,KAB. TULUNGAGUNG,35.04,-8.0659953,111.8753377
35,3505,BLITAR,KAB. BLITAR,35.05,-8.1025672,112.1743417
35,3506,KEDIRI,KAB. KEDIRI,35.06,-7.8122678,112.0215358
35,3507,MALANG,KAB. MALANG,35.07,-8.0495409,112.6021488
35,3508,LUMAJANG,KAB. LUMAJANG,35.08,-8.111204,113.2194791
35,3509,JEMBER,KAB. JEMBER,35.09,-8.1551308,113.6946123
35,3510,BANYUWANGI,KAB. BANYUWANGI,35.1,-8.2235316,114.3562512
35,3511,BONDOWOSO,KAB. BONDOWOSO,35.11,-7.9299249,113.8165723
35,3512,SITUBONDO,KAB. SITUBONDO,35.12,-7.7088469,113.9760263
35,3513,PROBOLINGGO,KAB. PROBOLINGGO,35.13,-7.7691212,113.2031694
35,3514,PASURUAN,KAB. PASURUAN,35.14,-7.6589015,112.9042461
35,3515,SIDOARJO,KAB. SIDOARJO,35.15,-7.4483396,112.7039002
35,3516,MOJOKERTO,KAB. MOJOKERTO,35.16,-7.5000116,112.4320711
35,3517,JOMBANG,KAB. JOMBANG,35.17,-7.5489099,112.2417922
35,3518,NGANJUK,KAB. NGANJUK,35.18,-7.6117327,111.9053258
35,3519,MADIUN,KAB. MADIUN,35.19,-7.6404778,111.5114424
35,3520,MAGETAN,KAB. MAGETAN,35.2,-7.6395265,111.3289851
35,3521,NGAWI,KAB. NGAWI,35.21,-7.4053809,111.4406743
35,3522,BOJONEGORO,KAB. BOJONEGORO,35.22,-7.1483354,111.8935941
35,3523,TUBAN,KAB. TUBAN,35.23,-6.8996539,112.0792308
35,3524,LAMONGAN,KAB. LAMONGAN,35.24,-7.1280759,112.4217262
35,3525,GRESIK,KAB. GRESIK,35.25,-7.1678947,112.6181281
35,3526,BANGKALAN,KAB. BANGKALAN,35.26,-7.0496575,112.7405965
35,3527,SAMPANG,KAB. SAMPANG,35.27,-7.1876482,113.2416697
35,3528,PAMEKASAN,KAB. PAMEKASAN,35.28,-7.1576582,113.4960746
35,3529,SUMENEP,KAB. SUMENEP,35.29,-7.0137408,113.8648152
35,3571,KEDIRI,KOTA KEDIRI,35.71,-7.8122678,112.0215358
35,3572,BLITAR,KOTA BLITAR,35.72,-8.1025672,112.1743417
35,3573,MALANG,KOTA MALANG,35.73,-8.0013803,112.6211628
35,3574,PROBOLINGGO,KOTA PROBOLINGGO,35.74,-7.7691212,113.2031694
35,3575,PASURUAN,KOTA PASURUAN,35.75,-7.6589015,112.9042461
35,3576,MOJOKERTO,KOTA MOJOKERTO,35.76,-7.5000116,112.4320711
35,3577,MADIUN,KOTA MADIUN,35.77,-7.6404778,111.5114424
35,3578,SURABAYA,KOTA SURABAYA,35.78,-7.3286288,112.7371342
35,3579,BATU,KOTA BATU,35.79,-7.8668312,112.5073735
36,3601,PANDEGLANG,KAB. PANDEGLANG,36.01,-6.3542586,105.9547586
36,3602,LEBAK,KAB. LEBAK,36.02,-6.360387,106.2683743
36,3603,TANGERANG,KAB. TANGERANG,36.03,-6.217613,106.5479128
36,3604,SERANG,KAB. SERANG,36.04,-6.1429255,106.1940712
36,3671,TANGERANG,KOTA TANGERANG,36.71,-6.1741927,106.6179762
36,3672,CILEGON,KOTA CILEGON,36.72,-6.0339729,106.0474936
36,3673,SERANG,KOTA SERANG,36.73,-6.1429255,106.1940712
36,3674,TANGERANG SELATAN,KOTA TANGERANG SELATAN,36.74,-6.3386399,106.6724561
51,5101,JEMBRANA,KAB. JEMBRANA,51.01,-8.355525,114.636183
51,5102,TABANAN,KAB. TABANAN,51.02,-8.5406731,115.1347858
51,5103,BADUNG,KAB. BADUNG,51.03,-8.5867804,115.2125343
51,5104,GIANYAR,KAB. GIANYAR,51.04,-8.5430071,115.3232492
51,5105,KLUNGKUNG,KAB. KLUNGKUNG,51.05,-8.5234336,115.4022064
51,5106,BANGLI,KAB. BANGLI,51.06,-8.462603,115.3539991
51,5107,KARANGASEM,KAB. KARANGASEM,51.07,-8.4334498,115.6123838
51,5108,BULELENG,KAB. BULELENG,51.08,-8.1151333,115.0868028
51,5171,DENPASAR,KOTA DENPASAR,51.71,-8.6544508,115.2289942
52,5201,LOMBOK BARAT,KAB. LOMBOK BARAT,52.01,-8.6515404,116.1107548
52,5202,LOMBOK TENGAH,KAB. LOMBOK TENGAH,52.02,-8.7042447,116.2665384
52,5203,LOMBOK TIMUR,KAB. LOMBOK TIMUR,52.03,-8.6492498,116.5350336
52,5204,SUMBAWA,KAB. SUMBAWA,52.04,-8.4884874,117.4231583
52,5205,DOMPU,KAB. DOMPU,52.05,-8.5370667,118.4635276
52,5206,BIMA,KAB. BIMA,52.06,-8.5144741,118.7249455
52,5207,SUMBAWA BARAT,KAB. SUMBAWA BARAT,52.07,-8.774084,116.8251037
52,5208,LOMBOK UTARA,KAB. LOMBOK UTARA,52.08,-8.3216336,116.1953353
52,5271,MATARAM,KOTA MATARAM,52.71,-8.5911824,116.0993651
52,5272,BIMA,KOTA BIMA,52.72,-8.5144741,118.7249455
53,5301,SUMBA BARAT,KAB. SUMBA BARAT,53.12,-9.5310023,119.2937133
53,5302,SUMBA TIMUR,KAB. SUMBA TIMUR,53.11,-9.6509822,120.2628608
53,5303,KUPANG,KAB. KUPANG,53.01,-10.1226279,123.7335644
53,5304,TIMOR TENGAH SELATAN,KAB TIMOR TENGAH SELATAN,53.02,-9.8616074,124.2850543
53,5305,TIMOR TENGAH UTARA,KAB. TIMOR TENGAH UTARA,53.03,-9.4549315,124.4774111
53,5306,BELU,KAB. BELU,53.04,-9.1024311,124.8824711
53,5307,ALOR,KAB. ALOR,53.05,-8.2199488,124.5414874
53,5308,LEMBATA,KAB. LEMBATA,53.13,-8.3576078,123.4597014
53,5309,FLORES TIMUR,KAB. FLORES TIMUR,53.06,-8.331838,122.9972246
53,5310,SIKKA,KAB. SIKKA,53.07,-8.625164,122.2111143
53,5311,ENDE,KAB. ENDE,53.08,-8.8396548,121.6603191
53,5312,NGADA,KAB. NGADA,53.09,-8.7861453,120.9833946
53,5313,MANGGARAI,KAB. MANGGARAI,53.1,-8.6143452,120.4551107
53,5314,ROTE NDAO,KAB. ROTE NDAO,53.14,-10.7571344,123.0604324
53,5315,MANGGARAI BARAT,KAB. MANGGARAI BARAT,53.15,-8.4794468,119.8900976
53,5316,SUMBA TENGAH,KAB. SUMBA TENGAH,53.17,-9.5938025,119.6579324
53,5317,SUMBA BARAT DAYA,KAB. SUMBA BARAT DAYA,53.18,-9.4126396,119.1979076
53,5318,NAGEKEO,KAB. NAGEKEO,53.16,-8.5743431,121.2815464
53,5319,MANGGARAI TIMUR,KAB. MANGGARAI TIMUR,53.19,-8.7734975,120.6214141
53,5320,SABU RAIJUA,KAB. SABU RAIJUA,53.2,-10.6240854,121.638781
53,5321,MALAKA,KAB. MALAKA,53.21,-9.1024311,124.8824711
53,5371,KUPANG,KOTA KUPANG,53.71,-10.1226279,123.7335644
61,6101,SAMBAS,KAB. SAMBAS,61.01,1.3552455,109.3301439
61,6102,BENGKAYANG,KAB. BENGKAYANG,61.07,0.8688077,109.5076686
61,6103,LANDAK,KAB. LANDAK,61.08,0.3940369,109.9454933
61,6104,MEMPAWAH,KAB. MEMPAWAH,61.02,0.3631556,108.9565079
61,6105,SANGGAU,KAB. SANGGAU,61.03,0.1244702,110.5887688
61,6106,KETAPANG,KAB. KETAPANG,61.04,-1.8379222,109.9779968
61,6107,SINTANG,KAB. SINTANG,61.05,0.063602,111.4978838
61,6108,KAPUAS HULU,KAB. KAPUAS HULU,61.06,0.8785858,112.9241334
61,6109,SEKADAU,KAB. SEKADAU,61.09,0.0112941,110.9550044
61,6110,MELAWI,KAB. MELAWI,61.1,-0.3555437,111.7557754
61,6111,KAYONG UTARA,KAB. KAYONG UTARA,61.11,-1.2344173,109.9578214
61,6112,KUBU RAYA,KAB. KUBU RAYA,61.12,-0.13793,109.408283
61,6171,PONTIANAK,KOTA PONTIANAK,61.71,-0.0472484,109.3294497
61,6172,SINGKAWANG,KOTA SINGKAWANG,61.72,0.9122576,108.9856826
62,6201,KOTAWARINGIN BARAT,KAB. KOTAWARINGIN BARAT,62.01,-2.6856611,111.6319158
62,6202,KOTAWARINGIN TIMUR,KAB. KOTAWARINGIN TIMUR,62.02,-2.5391935,112.951269
62,6203,KAPUAS,KAB. KAPUAS,62.03,-3.0145357,114.3855042
62,6204,BARITO SELATAN,KAB. BARITO SELATAN,62.04,-1.7245036,114.8304564
62,6205,BARITO UTARA,KAB. BARITO UTARA,62.05,-0.9491167,114.8990633
62,6206,SUKAMARA,KAB. SUKAMARA,62.08,-2.7573302,111.1936764
62,6207,LAMANDAU,KAB. LAMANDAU,62.09,-2.1881263,111.4325096
62,6208,SERUYAN,KAB. SERUYAN,62.07,-3.41346,112.538748
62,6209,KATINGAN,KAB. KATINGAN,62.06,-1.8735722,113.415786
62,6210,PULANG PISAU,KAB. PULANG PISAU,62.11,-2.7959434,114.2586462
62,6211,GUNUNG MAS,KAB. GUNUNG MAS,62.1,-1.1182489,113.8476201
62,6212,BARITO TIMUR,KAB. BARITO TIMUR,62.13,-2.114892,115.1644702
62,6213,MURUNG RAYA,KAB. MURUNG RAYA,62.12,-0.6385011,114.5700099
62,6271,PALANGKA RAYA,KOTA PALANGKARAYA,62.71,-2.2090494,113.9218328
63,6301,TANAH LAUT,KAB. TANAH LAUT,63.01,-3.5592658,114.6877039
63,6302,KOTABARU,KAB. KOTABARU,63.02,-3.2480265,116.2211949
63,6303,BANJAR,KAB. BANJAR,63.03,-3.411236,114.848975
63,6304,BARITO KUALA,KAB. BARITO KUALA,63.04,-2.9830621,114.7375184
63,6305,TAPIN,KAB. TAPIN,63.05,-2.933137,115.1537827
63,6306,HULU SUNGAI SELATAN,KAB. HULU SUNGAI SELATAN,63.06,-2.7804358,115.2681458
63,6307,HULU SUNGAI TENGAH,KAB. HULU SUNGAI TENGAH,63.07,-2.5879136,115.375573
63,6308,HULU SUNGAI UTARA,KAB. HULU SUNGAI UTARA,63.08,-2.41912,115.2465513
63,6309,TABALONG,KAB. TABALONG,63.09,-2.1604177,115.3834895
63,6310,TANAH BUMBU,KAB. TANAH BUMBU,63.1,-3.4812702,115.9565436
63,6311,BALANGAN,KAB. BALANGAN,63.11,-2.3506727,115.4683502
63,6371,BANJARMASIN,KOTA BANJARMASIN,63.71,-3.3200695,114.597784
63,6372,BANJAR BARU,KOTA BANJARBARU,63.72,-3.4489263,114.8242712
64,6401,PASER,KAB. PASER,64.01,-1.9106608,116.1894356
64,6402,KUTAI BARAT,KAB. KUTAI BARAT,64.07,-0.2447434,115.7051362
64,6403,KUTAI KARTANEGARA,KAB. KUTAI KARTANEGARA,64.02,-0.422909,116.9850181
64,6404,KUTAI TIMUR,KAB. KUTAI TIMUR,64.08,0.5152759,117.6016662
64,6405,BERAU,KAB. BERAU,64.03,2.1472375,117.5020469
64,6409,PENAJAM PASER UTARA,KAB. PENAJAM PASER UTARA,64.09,-1.3095397,116.731697
64,6411,MAHAKAM HULU,KAB. MAHAKAM ULU,64.11,0.6403562,114.8285745
64,6471,BALIKPAPAN,KOTA BALIKPAPAN,64.71,-1.2777006,116.8277485
64,6472,SAMARINDA,KOTA SAMARINDA,64.72,-0.4872641,117.1591924
64,6474,BONTANG,KOTA BONTANG,64.74,0.1382892,117.4983693
65,6501,MALINAU,KAB. MALINAU,65.02,3.5597289,116.6175644
65,6502,BULUNGAN,KAB. BULUNGAN,65.01,2.840316,117.3778639
65,6503,TANA TIDUNG,KAB. TANA TIDUNG,65.04,3.6077992,116.904493
65,6504,NUNUKAN,KAB. NUNUKAN,65.03,4.0910902,117.6993179
65,6571,TARAKAN,KOTA TARAKAN,65.71,3.314096,117.6066253
71,7101,BOLAANG MONGONDOW,KAB. BOLAANG MONGONDOW,71.01,0.8789219,124.0453966
71,7102,MINAHASA,KAB. MINAHASA,71.02,1.3812278,124.9435424
71,7103,KEPULAUAN SANGIHE,KAB. KEPULAUAN SANGIHE,71.03,3.6013964,125.5107489
71,7104,KEPULAUAN TALAUD,KAB. KEPULAUAN TALAUD,71.04,4.0074246,126.6864643
71,7105,MINAHASA SELATAN,KAB. MINAHASA SELATAN,71.05,1.1862305,124.5079054
71,7106,MINAHASA UTARA,KAB. MINAHASA UTARA,71.06,1.4606992,124.973313
71,7107,BOLAANG MONGONDOW UTARA,KAB. BOLAANG MONGONDOW,71.08,0.8932067,123.6747623
71,7108,SIAU TAGULANDANG BIARO,KAB. KEP. SIAU TAGULANDANG,71.09,2.741333,125.3669638
71,7109,MINAHASA TENGGARA,KAB. MINAHASA TENGGARA,71.07,1.3017565,124.9137719
71,7110,BOLAANG MONGONDOW SELATAN,KAB. BOLAANG MONGONDOW,71.11,0.8789219,124.0453966
71,7111,BOLAANG MONGONDOW TIMUR,KAB. BOLAANG MONGONDOW,71.1,0.8789219,124.0453966
71,7171,MANADO,KOTA MANADO,71.71,1.4588353,124.8502281
71,7172,BITUNG,KOTA BITUNG,71.72,1.4347919,125.1179159
71,7173,TOMOHON,KOTA TOMOHON,71.73,1.3109691,124.822828
71,7174,KOTAMOBAGU,KOTA KOTAMOBAGU,71.74,0.7320567,124.3218611
72,7201,BANGGAI KEPULAUAN,KAB. BANGGAI KEPULAUAN,72.07,-1.3133027,123.2951262
72,7202,BANGGAI,KAB. BANGGAI,72.01,-1.1314952,123.0422823
72,7203,MOROWALI,KAB. MOROWALI,72.06,-2.4839519,121.9332979
72,7204,POSO,KAB. POSO,72.02,-1.3992289,120.756081
72,7205,DONGGALA,KAB. DONGGALA,72.03,-0.6746875,119.7480465
72,7206,TOLI-TOLI,KAB. TOLI TOLI,72.04,1.0446827,120.8223977
72,7207,BUOL,KAB. BUOL,72.05,1.1726195,121.4214386
72,7208,PARIGI MOUTONG,KAB. PARIGI MOUTONG,72.08,-0.7969254,120.1593234
72,7209,TOJO UNA-UNA,KAB. TOJO UNA UNA,72.09,-0.9161875,121.5848042
72,7210,SIGI,KAB. SIGI,72.1,-1.0480024,119.9503267
72,7211,BANGGAI LAUT,KAB. BANGGAI LAUT,72.11,-1.3133027,123.2951262
72,7212,MOROWALI UTARA,KAB. MOROWALI UTARA,72.12,-1.8833859,121.446943
72,7271,PALU,KOTA PALU,72.71,-0.9052582,119.8908875
73,7301,KEPULAUAN SELAYAR,KAB. KEPULAUAN SELAYAR,73.01,-6.1189024,120.4579552
73,7302,BULUKUMBA,KAB. BULUKUMBA,73.02,-5.5485026,120.200695
73,7303,BANTAENG,KAB. BANTAENG,73.03,-5.5455598,119.951477
73,7304,JENEPONTO,KAB. JENEPONTO,73.04,-5.6783321,119.7498101
73,7305,TAKALAR,KAB. TAKALAR,73.05,-5.4277743,119.438859
73,7306,GOWA,KAB. GOWA,73.06,-5.1993214,119.4534678
73,7307,SINJAI,KAB. SINJAI,73.07,-5.1260807,120.2534065
73,7308,MAROS,KAB. MAROS,73.09,-5.0178062,119.5732987
73,7309,PANGKAJENE DAN KEPULAUAN,KAB. PANGKAJENE KEPULAUAN,73.1,-4.8385316,119.5507491
73,7310,BARRU,KAB. BARRU,73.11,-4.4083023,119.6207427
73,7311,BONE,KAB. BONE,73.08,-4.5387511,120.3079037
73,7312,SOPPENG,KAB. SOPPENG,73.12,-4.3659394,119.8989427
73,7313,WAJO,KAB. WAJO,73.13,-4.1291358,120.031833
73,7314,SIDENRENG RAPPANG,KAB. SIDENRENG RAPPANG,73.14,-3.9233135,119.7935649
73,7315,PINRANG,KAB. PINRANG,73.15,-3.790947,119.653312
73,7316,ENREKANG,KAB. ENREKANG,73.16,-3.5493843,119.7672325
73,7317,LUWU,KAB. LUWU,73.17,-3.3923335,120.3662737
73,7318,TANA TORAJA,KAB. TANA TORAJA,73.18,-3.0961216,119.8535268
73,7322,LUWU UTARA,KAB. LUWU UTARA,73.22,-2.5483574,120.3442155
73,7325,LUWU TIMUR,KAB. LUWU TIMUR,73.24,-2.6136131,121.1223144
73,7326,TORAJA UTARA,KAB. TORAJA UTARA,73.26,-2.9746404,119.8962829
73,7371,MAKASSAR,KOTA MAKASSAR,73.71,-5.1458053,119.4308063
73,7372,PAREPARE,KOTA PARE PARE,73.72,-4.0333053,119.6313047
73,7373,PALOPO,KOTA PALOPO,73.73,-2.9985985,120.187355
74,7401,BUTON,KAB. BUTON,74.04,-5.4841094,122.8483173
74,7402,MUNA,KAB. MUNA,74.03,-4.8399121,122.7237643
74,7403,KONAWE,KAB. KONAWE,74.02,-3.8549832,122.0450585
74,7404,KOLAKA,KAB. KOLAKA,74.01,-4.0278022,121.7338335
74,7405,KONAWE SELATAN,KAB. KONAWE SELATAN,74.05,-4.3287059,122.2697696
74,7406,BOMBANA,KAB. BOMBANA,74.06,-4.7327152,122.0299804
74,7407,WAKATOBI,KAB. WAKATOBI,74.07,-5.3436931,123.5497942
74,7408,KOLAKA UTARA,KAB. KOLAKA UTARA,74.08,-3.4957472,120.8861478
74,7409,BUTON UTARA,KAB. BUTON UTARA,74.1,-4.7816471,123.1835989
74,7410,KONAWE UTARA,KAB. KONAWE UTARA,74.09,-3.5088105,122.1056686
74,7411,KOLAKA TIMUR,KAB. KOLAKA TIMUR,74.11,-4.0018595,121.870058
74,7412,KONAWE KEPULAUAN,KAB. KONAWE KEPULAUAN,74.12,-5.0143405,114.4574578
74,7413,MUNA BARAT,KAB. MUNA BARAT,74.13,-4.8399121,122.7237643
74,7414,BUTON TENGAH,KAB. BUTON TENGAH,74.14,-5.4841094,122.8483173
74,7415,BUTON SELATAN,KAB. BUTON SELATAN,74.15,-5.4841094,122.8483173
74,7471,KENDARI,KOTA KENDARI,74.71,-3.9986358,122.522941
74,7472,BAUBAU,KOTA BAU BAU,74.72,-5.4626798,122.6016124
75,7501,BOALEMO,KAB. BOALEMO,75.02,0.5648162,122.336141
75,7502,GORONTALO,KAB. GORONTALO,75.01,0.5919832,123.0253494
75,7503,POHUWATO,KAB. PAHUWATO,75.04,0.4579199,121.9439414
75,7504,BONE BOLANGO,KAB. BONE BOLANGO,75.03,0.5533169,123.1342681
75,7505,GORONTALO UTARA,KAB. GORONTALO UTARA,75.05,0.7965405,122.8786653
75,7571,GORONTALO,KOTA GORONTALO,75.71,0.5587443,123.0739881
76,7601,MAJENE,KAB. MAJENE,76.05,-3.5620559,118.9376617
76,7602,POLEWALI MANDAR,KAB. POLEWALI MANDAR,76.04,-3.4075388,119.3085774
76,7603,MAMASA,KAB. MAMASA,76.03,-2.9494912,119.3712768
76,7604,MAMUJU,KAB. MAMUJU,76.02,-2.6802142,118.8831562
76,7605,PASANGKAYU,KAB. PASANGKAYU,76.01,-1.1797007,119.3661012
76,7606,MAMUJU TENGAH,KAB. MAMUJU TENGAH,76.06,-2.3841384,119.0877141
81,8101,KEPULAUAN TANIMBAR,KAB. KEPULAUAN TANIMBAR,81.03,-7.9747312,131.3112725
81,8102,MALUKU TENGGARA,KAB. MALUKU TENGGARA,81.02,-5.6513577,132.739008
81,8103,MALUKU TENGAH,KAB. MALUKU TENGAH,81.01,-3.3041734,128.9616509
81,8104,BURU,KAB. BURU,81.04,-3.233584,127.086017
81,8105,KEPULAUAN ARU,KAB. KEPULAUAN ARU,81.07,-5.7723522,134.2144732
81,8106,SERAM BAGIAN BARAT,KAB. SERAM BAGIAN BARAT,81.06,-3.0793169,128.2105186
81,8107,SERAM BAGIAN TIMUR,KAB. SERAM BAGIAN TIMUR,81.05,-3.0982402,130.4711803
81,8108,MALUKU BARAT DAYA,KAB. MALUKU BARAT DAYA,81.08,-8.1579486,127.7886003
81,8109,BURU SELATAN,KAB. BURU SELATAN,81.09,-3.8425949,126.7324326
81,8171,AMBON,KOTA AMBON,81.71,-3.6638295,128.2247771
81,8172,TUAL,KOTA TUAL,81.72,-5.6513577,132.739008
82,8201,HALMAHERA BARAT,KAB. HALMAHERA BARAT,82.01,1.0831876,127.4733971
82,8202,HALMAHERA TENGAH,KAB. HALMAHERA TENGAH,82.02,0.3295723,127.8583976
82,8203,KEPULAUAN SULA,KAB. KEPULAUAN SULA,82.05,-2.1983814,126.0095771
82,8204,HALMAHERA SELATAN,KAB. HALMAHERA SELATAN,82.04,-0.6472899,127.5030471
82,8205,HALMAHERA UTARA,KAB. HALMAHERA UTARA,82.03,1.7307977,127.9902753
82,8206,HALMAHERA TIMUR,KAB. HALMAHERA TIMUR,82.06,0.6835519,128.2857517
82,8207,PULAU MOROTAI,KAB. PULAU MOROTAI,82.07,2.0566476,128.3071212
82,8208,PULAU TALIABU,KAB. PULAU TALIABU,82.08,-1.825744,125.1214564
82,8271,TERNATE,KOTA TERNATE,82.71,0.7857105,127.3849141
82,8272,TIDORE KEPULAUAN,KOTA TIDORE KEPULAUAN,82.72,0.663199,127.4482198
91,9101,FAKFAK,KAB. FAK FAK,92.03,-2.9276723,132.3027512
91,9102,KAIMANA,KAB. KAIMANA,92.08,-3.6418593,133.7403007
91,9103,TELUK WONDAMA,KAB. TELUK WONDAMA,92.07,-2.825035,134.53608
91,9104,TELUK BINTUNI,KAB. TELUK BINTUNI,92.06,-2.0923514,133.5066634
91,9105,MANOKWARI,KAB. MANOKWARI,92.02,-0.8902002,134.0504605
91,9106,SORONG SELATAN,KAB. SORONG SELATAN,92.04,-1.473946,132.0894729
91,9107,SORONG,KAB. SORONG,92.01,-1.1771506,131.6890027
91,9108,RAJA AMPAT,KAB. RAJA AMPAT,92.05,-0.41184,130.8234843
91,9109,TAMBRAUW,KAB. TAMBRAUW,92.09,-6.3249684,106.6666453
91,9110,MAYBRAT,KAB. MAYBRAT,92.1,-1.3655687,132.2940383
91,9111,MANOKWARI SELATAN,KAB. MANOKWARI SELATAN,92.11,-0.8624453,134.0626113
91,9112,PEGUNUNGAN ARFAK,KAB. PEGUNUNGAN ARFAK,92.12,-1.6697561,132.6797821
91,9171,SORONG,KOTA SORONG,92.71,-0.8803552,131.2885325
